百色(三),2022-06-11 00:00:00,水位：115.47m,警戒水位：116.20m
百色(三),2022-06-11 01:00:00,水位：115.47m,警戒水位：116.20m
百色(三),2022-06-11 02:00:00,水位：115.48m,警戒水位：116.20m
百色(三),2022-06-11 03:00:00,水位：115.50m,警戒水位：116.20m
百色(三),2022-06-11 04:00:00,水位：115.54m,警戒水位：116.20m
百色(三),2022-06-11 05:00:00,水位：115.56m,警戒水位：116.20m
百色(三),2022-06-11 06:00:00,水位：115.50m,警戒水位：116.20m
百色(三),2022-06-11 07:00:00,水位：115.49m,警戒水位：116.20m
百色(三),2022-06-11 08:00:00,水位：115.47m,警戒水位：116.20m
百色(三),2022-06-11 09:00:00,水位：115.46m,警戒水位：116.20m
百色(三),2022-06-11 10:00:00,水位：115.45m,警戒水位：116.20m
百色(三),2022-06-11 11:00:00,水位：115.44m,警戒水位：116.20m
百色(三),2022-06-11 12:00:00,水位：115.41m,警戒水位：116.20m
百色(三),2022-06-11 13:00:00,水位：115.44m,警戒水位：116.20m
百色(三),2022-06-11 14:00:00,水位：115.41m,警戒水位：116.20m
百色(三),2022-06-11 15:00:00,水位：115.44m,警戒水位：116.20m
百色(三),2022-06-11 16:00:00,水位：115.45m,警戒水位：116.20m
百色(三),2022-06-11 17:00:00,水位：115.45m,警戒水位：116.20m
百色(三),2022-06-11 18:00:00,水位：115.41m,警戒水位：116.20m
百色(三),2022-06-11 19:00:00,水位：115.46m,警戒水位：116.20m
百色(三),2022-06-11 20:00:00,水位：115.47m,警戒水位：116.20m
百色(三),2022-06-11 21:00:00,水位：115.48m,警戒水位：116.20m
百色(三),2022-06-11 22:00:00,水位：115.47m,警戒水位：116.20m
百色(三),2022-06-11 23:00:00,水位：115.46m,警戒水位：116.20m
百色(三),2022-06-12 00:00:00,水位：115.46m,警戒水位：116.20m
百色(三),2022-06-12 01:00:00,水位：115.45m,警戒水位：116.20m
百色(三),2022-06-12 02:00:00,水位：115.51m,警戒水位：116.20m
百色(三),2022-06-12 03:00:00,水位：115.50m,警戒水位：116.20m
百色(三),2022-06-12 04:00:00,水位：115.49m,警戒水位：116.20m
百色(三),2022-06-12 05:00:00,水位：115.51m,警戒水位：116.20m
百色(三),2022-06-12 06:00:00,水位：115.51m,警戒水位：116.20m
百色(三),2022-06-12 07:00:00,水位：115.53m,警戒水位：116.20m
百色(三),2022-06-12 08:00:00,水位：115.53m,警戒水位：116.20m
百色(三),2022-06-12 09:00:00,水位：115.52m,警戒水位：116.20m
百色(三),2022-06-12 10:00:00,水位：115.52m,警戒水位：116.20m
百色(三),2022-06-12 11:00:00,水位：115.49m,警戒水位：116.20m
百色(三),2022-06-12 12:00:00,水位：115.47m,警戒水位：116.20m
百色(三),2022-06-12 13:00:00,水位：115.45m,警戒水位：116.20m
百色(三),2022-06-12 14:00:00,水位：115.44m,警戒水位：116.20m
百色(三),2022-06-12 15:00:00,水位：115.43m,警戒水位：116.20m
百色(三),2022-06-12 16:00:00,水位：115.45m,警戒水位：116.20m
百色(三),2022-06-12 17:00:00,水位：115.49m,警戒水位：116.20m
百色(三),2022-06-12 18:00:00,水位：115.50m,警戒水位：116.20m
百色(三),2022-06-12 19:00:00,水位：115.49m,警戒水位：116.20m
百色(三),2022-06-12 20:00:00,水位：115.50m,警戒水位：116.20m
百色(三),2022-06-12 21:00:00,水位：115.53m,警戒水位：116.20m
百色(三),2022-06-12 22:00:00,水位：115.54m,警戒水位：116.20m
百色(三),2022-06-12 23:00:00,水位：115.54m,警戒水位：116.20m
百色(三),2022-06-13 00:00:00,水位：115.54m,警戒水位：116.20m
百色(三),2022-06-13 01:00:00,水位：115.57m,警戒水位：116.20m
百色(三),2022-06-13 02:00:00,水位：115.53m,警戒水位：116.20m
百色(三),2022-06-13 03:00:00,水位：115.51m,警戒水位：116.20m
百色(三),2022-06-13 04:00:00,水位：115.53m,警戒水位：116.20m
百色(三),2022-06-13 05:00:00,水位：115.51m,警戒水位：116.20m
百色(三),2022-06-13 06:00:00,水位：115.48m,警戒水位：116.20m
百色(三),2022-06-13 07:00:00,水位：115.49m,警戒水位：116.20m
百色(三),2022-06-13 08:00:00,水位：115.50m,警戒水位：116.20m
百色(三),2022-06-13 09:00:00,水位：115.50m,警戒水位：116.20m
百色(三),2022-06-13 10:00:00,水位：115.51m,警戒水位：116.20m
百色(三),2022-06-13 11:00:00,水位：115.58m,警戒水位：116.20m
百色(三),2022-06-13 12:00:00,水位：115.58m,警戒水位：116.20m
百色(三),2022-06-13 13:00:00,水位：115.60m,警戒水位：116.20m
百色(三),2022-06-13 14:00:00,水位：115.56m,警戒水位：116.20m
百色(三),2022-06-13 15:00:00,水位：115.54m,警戒水位：116.20m
百色(三),2022-06-13 16:00:00,水位：115.55m,警戒水位：116.20m
百色(三),2022-06-13 17:00:00,水位：115.56m,警戒水位：116.20m
百色(三),2022-06-13 18:00:00,水位：115.54m,警戒水位：116.20m
百色(三),2022-06-13 19:00:00,水位：115.52m,警戒水位：116.20m
百色(三),2022-06-13 20:00:00,水位：115.51m,警戒水位：116.20m
百色(三),2022-06-13 21:00:00,水位：115.50m,警戒水位：116.20m
百色(三),2022-06-13 22:00:00,水位：115.47m,警戒水位：116.20m
百色(三),2022-06-13 23:00:00,水位：115.45m,警戒水位：116.20m
百色(三),2022-06-14 00:00:00,水位：115.46m,警戒水位：116.20m
百色(三),2022-06-14 01:00:00,水位：115.47m,警戒水位：116.20m
百色(三),2022-06-14 02:00:00,水位：115.49m,警戒水位：116.20m
百色(三),2022-06-14 03:00:00,水位：115.50m,警戒水位：116.20m
百色(三),2022-06-14 04:00:00,水位：115.52m,警戒水位：116.20m
百色(三),2022-06-14 05:00:00,水位：115.52m,警戒水位：116.20m
百色(三),2022-06-14 06:00:00,水位：115.54m,警戒水位：116.20m
百色(三),2022-06-14 07:00:00,水位：115.54m,警戒水位：116.20m
百色(三),2022-06-14 08:00:00,水位：115.56m,警戒水位：116.20m
百色(三),2022-06-14 09:00:00,水位：115.50m,警戒水位：116.20m
百色(三),2022-06-14 10:00:00,水位：115.53m,警戒水位：116.20m
百色(三),2022-06-14 11:00:00,水位：115.55m,警戒水位：116.20m
百色(三),2022-06-14 12:00:00,水位：115.53m,警戒水位：116.20m
百色(三),2022-06-14 13:00:00,水位：115.53m,警戒水位：116.20m
百色(三),2022-06-14 14:00:00,水位：115.53m,警戒水位：116.20m
百色(三),2022-06-14 15:00:00,水位：115.54m,警戒水位：116.20m
百色(三),2022-06-14 16:00:00,水位：115.51m,警戒水位：116.20m
百色(三),2022-06-14 17:00:00,水位：115.51m,警戒水位：116.20m
百色(三),2022-06-14 18:00:00,水位：115.53m,警戒水位：116.20m
百色(三),2022-06-14 19:00:00,水位：115.54m,警戒水位：116.20m
百色(三),2022-06-14 20:00:00,水位：115.57m,警戒水位：116.20m
百色(三),2022-06-14 21:00:00,水位：115.59m,警戒水位：116.20m
百色(三),2022-06-14 22:00:00,水位：115.56m,警戒水位：116.20m
百色(三),2022-06-14 23:00:00,水位：115.55m,警戒水位：116.20m
百色(三),2022-06-15 00:00:00,水位：115.54m,警戒水位：116.20m
百色(三),2022-06-15 01:00:00,水位：115.55m,警戒水位：116.20m
百色(三),2022-06-15 02:00:00,水位：115.59m,警戒水位：116.20m
百色(三),2022-06-15 03:00:00,水位：115.59m,警戒水位：116.20m
百色(三),2022-06-15 04:00:00,水位：115.61m,警戒水位：116.20m
百色(三),2022-06-15 05:00:00,水位：115.63m,警戒水位：116.20m
百色(三),2022-06-15 06:00:00,水位：115.63m,警戒水位：116.20m
百色(三),2022-06-15 07:00:00,水位：115.64m,警戒水位：116.20m
百色(三),2022-06-15 08:00:00,水位：115.61m,警戒水位：116.20m
百色(三),2022-06-15 09:00:00,水位：115.60m,警戒水位：116.20m
百色(三),2022-06-15 10:00:00,水位：115.62m,警戒水位：116.20m
百色(三),2022-06-15 11:00:00,水位：115.60m,警戒水位：116.20m
百色(三),2022-06-15 12:00:00,水位：115.59m,警戒水位：116.20m
百色(三),2022-06-15 13:00:00,水位：115.56m,警戒水位：116.20m
百色(三),2022-06-15 14:00:00,水位：115.51m,警戒水位：116.20m
百色(三),2022-06-15 15:00:00,水位：115.47m,警戒水位：116.20m
百色(三),2022-06-15 16:00:00,水位：115.46m,警戒水位：116.20m
百色(三),2022-06-15 17:00:00,水位：115.45m,警戒水位：116.20m
百色(三),2022-06-15 18:00:00,水位：115.48m,警戒水位：116.20m
百色(三),2022-06-15 19:00:00,水位：115.47m,警戒水位：116.20m
百色(三),2022-06-15 20:00:00,水位：115.51m,警戒水位：116.20m
百色(三),2022-06-15 21:00:00,水位：115.51m,警戒水位：116.20m
百色(三),2022-06-15 22:00:00,水位：115.51m,警戒水位：116.20m
百色(三),2022-06-15 23:00:00,水位：115.50m,警戒水位：116.20m
百色(三),2022-06-16 00:00:00,水位：115.50m,警戒水位：116.20m
百色(三),2022-06-16 01:00:00,水位：115.50m,警戒水位：116.20m
百色(三),2022-06-16 02:00:00,水位：115.50m,警戒水位：116.20m
百色(三),2022-06-16 03:00:00,水位：115.51m,警戒水位：116.20m
百色(三),2022-06-16 04:00:00,水位：115.54m,警戒水位：116.20m
百色(三),2022-06-16 05:00:00,水位：115.55m,警戒水位：116.20m
百色(三),2022-06-16 06:00:00,水位：115.56m,警戒水位：116.20m
百色(三),2022-06-16 07:00:00,水位：115.56m,警戒水位：116.20m
百色(三),2022-06-16 08:00:00,水位：115.59m,警戒水位：116.20m
百色(三),2022-06-16 09:00:00,水位：115.56m,警戒水位：116.20m
百色(三),2022-06-16 10:00:00,水位：115.57m,警戒水位：116.20m
百色(三),2022-06-16 11:00:00,水位：115.63m,警戒水位：116.20m
百色(三),2022-06-16 12:00:00,水位：115.61m,警戒水位：116.20m
百色(三),2022-06-16 13:00:00,水位：115.61m,警戒水位：116.20m
百色(三),2022-06-16 14:00:00,水位：115.59m,警戒水位：116.20m
百色(三),2022-06-16 15:00:00,水位：115.59m,警戒水位：116.20m
百色(三),2022-06-16 16:00:00,水位：115.53m,警戒水位：116.20m
百色(三),2022-06-16 17:00:00,水位：115.47m,警戒水位：116.20m
百色(三),2022-06-16 18:00:00,水位：115.45m,警戒水位：116.20m
百色(三),2022-06-16 19:00:00,水位：115.47m,警戒水位：116.20m
百色(三),2022-06-16 20:00:00,水位：115.47m,警戒水位：116.20m
百色(三),2022-06-16 21:00:00,水位：115.44m,警戒水位：116.20m
百色(三),2022-06-16 22:00:00,水位：115.42m,警戒水位：116.20m
百色(三),2022-06-16 23:00:00,水位：115.37m,警戒水位：116.20m
博白,2022-06-11 00:00:00,水位：47.51m,警戒水位：50.20m
博白,2022-06-11 01:00:00,水位：47.51m,警戒水位：50.20m
博白,2022-06-11 02:00:00,水位：47.52m,警戒水位：50.20m
博白,2022-06-11 03:00:00,水位：47.56m,警戒水位：50.20m
博白,2022-06-11 04:00:00,水位：47.60m,警戒水位：50.20m
博白,2022-06-11 05:00:00,水位：47.66m,警戒水位：50.20m
博白,2022-06-11 06:00:00,水位：47.72m,警戒水位：50.20m
博白,2022-06-11 07:00:00,水位：47.81m,警戒水位：50.20m
博白,2022-06-11 08:00:00,水位：47.92m,警戒水位：50.20m
博白,2022-06-11 09:00:00,水位：48.01m,警戒水位：50.20m
博白,2022-06-11 10:00:00,水位：48.12m,警戒水位：50.20m
博白,2022-06-11 11:00:00,水位：48.27m,警戒水位：50.20m
博白,2022-06-11 12:00:00,水位：48.43m,警戒水位：50.20m
博白,2022-06-11 13:00:00,水位：48.61m,警戒水位：50.20m
博白,2022-06-11 14:00:00,水位：48.77m,警戒水位：50.20m
博白,2022-06-11 15:00:00,水位：48.92m,警戒水位：50.20m
博白,2022-06-11 16:00:00,水位：49.05m,警戒水位：50.20m
博白,2022-06-11 17:00:00,水位：49.17m,警戒水位：50.20m
博白,2022-06-11 18:00:00,水位：49.25m,警戒水位：50.20m
博白,2022-06-11 19:00:00,水位：49.34m,警戒水位：50.20m
博白,2022-06-11 20:00:00,水位：49.38m,警戒水位：50.20m
博白,2022-06-11 21:00:00,水位：49.43m,警戒水位：50.20m
博白,2022-06-11 22:00:00,水位：49.44m,警戒水位：50.20m
博白,2022-06-11 23:00:00,水位：49.47m,警戒水位：50.20m
博白,,,
博白,2022-06-12 00:00:00,水位：49.48m,警戒水位：50.20m
博白,2022-06-12 01:00:00,水位：49.46m,警戒水位：50.20m
博白,2022-06-12 02:00:00,水位：49.43m,警戒水位：50.20m
博白,2022-06-12 03:00:00,水位：49.39m,警戒水位：50.20m
博白,2022-06-12 04:00:00,水位：49.34m,警戒水位：50.20m
博白,2022-06-12 05:00:00,水位：49.29m,警戒水位：50.20m
博白,2022-06-12 06:00:00,水位：49.23m,警戒水位：50.20m
博白,2022-06-12 07:00:00,水位：49.16m,警戒水位：50.20m
博白,2022-06-12 08:00:00,水位：49.09m,警戒水位：50.20m
博白,2022-06-12 09:00:00,水位：49.03m,警戒水位：50.20m
博白,2022-06-12 10:00:00,水位：48.96m,警戒水位：50.20m
博白,2022-06-12 11:00:00,水位：48.89m,警戒水位：50.20m
博白,2022-06-12 12:00:00,水位：48.82m,警戒水位：50.20m
博白,2022-06-12 13:00:00,水位：48.74m,警戒水位：50.20m
博白,2022-06-12 14:00:00,水位：48.66m,警戒水位：50.20m
博白,2022-06-12 15:00:00,水位：48.59m,警戒水位：50.20m
博白,2022-06-12 16:00:00,水位：48.52m,警戒水位：50.20m
博白,2022-06-12 17:00:00,水位：48.45m,警戒水位：50.20m
博白,2022-06-12 18:00:00,水位：48.38m,警戒水位：50.20m
博白,2022-06-12 19:00:00,水位：48.33m,警戒水位：50.20m
博白,2022-06-12 20:00:00,水位：48.30m,警戒水位：50.20m
博白,2022-06-12 21:00:00,水位：48.27m,警戒水位：50.20m
博白,2022-06-12 22:00:00,水位：48.24m,警戒水位：50.20m
博白,2022-06-12 23:00:00,水位：48.21m,警戒水位：50.20m
博白,2022-06-13 00:00:00,水位：48.18m,警戒水位：50.20m
博白,2022-06-13 01:00:00,水位：48.15m,警戒水位：50.20m
博白,2022-06-13 02:00:00,水位：48.11m,警戒水位：50.20m
博白,2022-06-13 03:00:00,水位：48.09m,警戒水位：50.20m
博白,2022-06-13 04:00:00,水位：48.05m,警戒水位：50.20m
博白,2022-06-13 05:00:00,水位：48.01m,警戒水位：50.20m
博白,2022-06-13 06:00:00,水位：47.97m,警戒水位：50.20m
博白,2022-06-13 07:00:00,水位：47.94m,警戒水位：50.20m
博白,2022-06-13 08:00:00,水位：47.92m,警戒水位：50.20m
博白,2022-06-13 09:00:00,水位：47.89m,警戒水位：50.20m
博白,2022-06-13 10:00:00,水位：47.86m,警戒水位：50.20m
博白,2022-06-13 11:00:00,水位：47.82m,警戒水位：50.20m
博白,2022-06-13 12:00:00,水位：47.80m,警戒水位：50.20m
博白,2022-06-13 13:00:00,水位：47.78m,警戒水位：50.20m
博白,2022-06-13 14:00:00,水位：47.76m,警戒水位：50.20m
博白,2022-06-13 15:00:00,水位：47.72m,警戒水位：50.20m
博白,2022-06-13 16:00:00,水位：47.68m,警戒水位：50.20m
博白,2022-06-13 17:00:00,水位：47.65m,警戒水位：50.20m
博白,2022-06-13 18:00:00,水位：47.62m,警戒水位：50.20m
博白,2022-06-13 19:00:00,水位：47.60m,警戒水位：50.20m
博白,2022-06-13 20:00:00,水位：47.57m,警戒水位：50.20m
博白,2022-06-13 21:00:00,水位：47.57m,警戒水位：50.20m
博白,2022-06-13 22:00:00,水位：47.57m,警戒水位：50.20m
博白,2022-06-13 23:00:00,水位：47.57m,警戒水位：50.20m
博白,2022-06-14 00:00:00,水位：47.61m,警戒水位：50.20m
博白,2022-06-14 01:00:00,水位：47.64m,警戒水位：50.20m
博白,2022-06-14 02:00:00,水位：47.70m,警戒水位：50.20m
博白,2022-06-14 03:00:00,水位：47.78m,警戒水位：50.20m
博白,2022-06-14 04:00:00,水位：47.89m,警戒水位：50.20m
博白,2022-06-14 05:00:00,水位：47.98m,警戒水位：50.20m
博白,2022-06-14 06:00:00,水位：48.07m,警戒水位：50.20m
博白,2022-06-14 07:00:00,水位：48.15m,警戒水位：50.20m
博白,2022-06-14 08:00:00,水位：48.21m,警戒水位：50.20m
博白,2022-06-14 09:00:00,水位：48.26m,警戒水位：50.20m
博白,2022-06-14 10:00:00,水位：48.29m,警戒水位：50.20m
博白,2022-06-14 11:00:00,水位：48.31m,警戒水位：50.20m
博白,2022-06-14 12:00:00,水位：48.31m,警戒水位：50.20m
博白,2022-06-14 13:00:00,水位：48.29m,警戒水位：50.20m
博白,2022-06-14 14:00:00,水位：48.28m,警戒水位：50.20m
博白,2022-06-14 15:00:00,水位：48.26m,警戒水位：50.20m
博白,2022-06-14 16:00:00,水位：48.24m,警戒水位：50.20m
博白,2022-06-14 17:00:00,水位：48.23m,警戒水位：50.20m
博白,2022-06-14 18:00:00,水位：48.22m,警戒水位：50.20m
博白,2022-06-14 19:00:00,水位：48.20m,警戒水位：50.20m
博白,2022-06-14 20:00:00,水位：48.19m,警戒水位：50.20m
博白,2022-06-14 21:00:00,水位：48.18m,警戒水位：50.20m
博白,2022-06-14 22:00:00,水位：48.16m,警戒水位：50.20m
博白,2022-06-14 23:00:00,水位：48.15m,警戒水位：50.20m
博白,2022-06-15 00:00:00,水位：48.14m,警戒水位：50.20m
博白,2022-06-15 01:00:00,水位：48.12m,警戒水位：50.20m
博白,2022-06-15 02:00:00,水位：48.11m,警戒水位：50.20m
博白,2022-06-15 03:00:00,水位：48.10m,警戒水位：50.20m
博白,2022-06-15 04:00:00,水位：48.08m,警戒水位：50.20m
博白,2022-06-15 05:00:00,水位：48.06m,警戒水位：50.20m
博白,2022-06-15 06:00:00,水位：48.03m,警戒水位：50.20m
博白,2022-06-15 07:00:00,水位：48.00m,警戒水位：50.20m
博白,2022-06-15 08:00:00,水位：47.97m,警戒水位：50.20m
博白,2022-06-15 09:00:00,水位：47.94m,警戒水位：50.20m
博白,2022-06-15 10:00:00,水位：47.91m,警戒水位：50.20m
博白,2022-06-15 11:00:00,水位：47.89m,警戒水位：50.20m
博白,2022-06-15 12:00:00,水位：47.88m,警戒水位：50.20m
博白,2022-06-15 13:00:00,水位：47.88m,警戒水位：50.20m
博白,2022-06-15 14:00:00,水位：47.85m,警戒水位：50.20m
博白,2022-06-15 15:00:00,水位：47.83m,警戒水位：50.20m
博白,2022-06-15 16:00:00,水位：47.79m,警戒水位：50.20m
博白,2022-06-15 17:00:00,水位：47.76m,警戒水位：50.20m
博白,2022-06-15 18:00:00,水位：47.73m,警戒水位：50.20m
博白,2022-06-15 19:00:00,水位：47.69m,警戒水位：50.20m
博白,2022-06-15 20:00:00,水位：47.66m,警戒水位：50.20m
博白,2022-06-15 21:00:00,水位：47.62m,警戒水位：50.20m
博白,2022-06-15 22:00:00,水位：47.59m,警戒水位：50.20m
博白,2022-06-15 23:00:00,水位：47.56m,警戒水位：50.20m
博白,2022-06-16 00:00:00,水位：47.54m,警戒水位：50.20m
博白,2022-06-16 01:00:00,水位：47.52m,警戒水位：50.20m
博白,2022-06-16 02:00:00,水位：47.50m,警戒水位：50.20m
博白,2022-06-16 03:00:00,水位：47.49m,警戒水位：50.20m
博白,2022-06-16 04:00:00,水位：47.49m,警戒水位：50.20m
博白,2022-06-16 05:00:00,水位：47.48m,警戒水位：50.20m
博白,2022-06-16 06:00:00,水位：47.48m,警戒水位：50.20m
博白,2022-06-16 07:00:00,水位：47.47m,警戒水位：50.20m
博白,2022-06-16 08:00:00,水位：47.46m,警戒水位：50.20m
博白,2022-06-16 09:00:00,水位：47.46m,警戒水位：50.20m
博白,2022-06-16 10:00:00,水位：47.46m,警戒水位：50.20m
博白,2022-06-16 11:00:00,水位：47.45m,警戒水位：50.20m
博白,2022-06-16 12:00:00,水位：47.44m,警戒水位：50.20m
博白,2022-06-16 13:00:00,水位：47.43m,警戒水位：50.20m
博白,2022-06-16 14:00:00,水位：47.42m,警戒水位：50.20m
博白,2022-06-16 15:00:00,水位：47.41m,警戒水位：50.20m
博白,2022-06-16 16:00:00,水位：47.40m,警戒水位：50.20m
博白,2022-06-16 17:00:00,水位：47.38m,警戒水位：50.20m
博白,2022-06-16 18:00:00,水位：47.38m,警戒水位：50.20m
博白,2022-06-16 19:00:00,水位：47.37m,警戒水位：50.20m
博白,2022-06-16 20:00:00,水位：47.36m,警戒水位：50.20m
博白,2022-06-16 21:00:00,水位：47.36m,警戒水位：50.20m
博白,2022-06-16 22:00:00,水位：47.36m,警戒水位：50.20m
博白,2022-06-16 23:00:00,水位：47.38m,警戒水位：50.20m
崇左,2022-06-11 00:00:00,水位：89.39m,警戒水位：101.20m
崇左,2022-06-11 01:00:00,水位：89.51m,警戒水位：101.20m
崇左,2022-06-11 02:00:00,水位：89.61m,警戒水位：101.20m
崇左,2022-06-11 03:00:00,水位：89.70m,警戒水位：101.20m
崇左,2022-06-11 04:00:00,水位：89.76m,警戒水位：101.20m
崇左,2022-06-11 05:00:00,水位：89.76m,警戒水位：101.20m
崇左,2022-06-11 06:00:00,水位：89.78m,警戒水位：101.20m
崇左,2022-06-11 07:00:00,水位：89.82m,警戒水位：101.20m
崇左,2022-06-11 08:00:00,水位：89.94m,警戒水位：101.20m
崇左,2022-06-11 09:00:00,水位：90.14m,警戒水位：101.20m
崇左,2022-06-11 10:00:00,水位：90.25m,警戒水位：101.20m
崇左,2022-06-11 11:00:00,水位：90.43m,警戒水位：101.20m
崇左,2022-06-11 12:00:00,水位：90.67m,警戒水位：101.20m
崇左,2022-06-11 13:00:00,水位：90.92m,警戒水位：101.20m
崇左,2022-06-11 14:00:00,水位：91.12m,警戒水位：101.20m
崇左,2022-06-11 15:00:00,水位：91.36m,警戒水位：101.20m
崇左,2022-06-11 16:00:00,水位：91.61m,警戒水位：101.20m
崇左,2022-06-11 17:00:00,水位：91.93m,警戒水位：101.20m
崇左,2022-06-11 18:00:00,水位：92.34m,警戒水位：101.20m
崇左,2022-06-11 19:00:00,水位：92.57m,警戒水位：101.20m
崇左,2022-06-11 20:00:00,水位：92.86m,警戒水位：101.20m
崇左,2022-06-11 21:00:00,水位：93.11m,警戒水位：101.20m
崇左,2022-06-11 22:00:00,水位：93.49m,警戒水位：101.20m
崇左,2022-06-11 23:00:00,水位：93.78m,警戒水位：101.20m
崇左,,,
崇左,2022-06-12 00:00:00,水位：94.01m,警戒水位：101.20m
崇左,2022-06-12 01:00:00,水位：94.21m,警戒水位：101.20m
崇左,2022-06-12 02:00:00,水位：94.36m,警戒水位：101.20m
崇左,2022-06-12 03:00:00,水位：94.46m,警戒水位：101.20m
崇左,2022-06-12 04:00:00,水位：94.56m,警戒水位：101.20m
崇左,2022-06-12 05:00:00,水位：94.67m,警戒水位：101.20m
崇左,2022-06-12 06:00:00,水位：94.72m,警戒水位：101.20m
崇左,2022-06-12 07:00:00,水位：94.79m,警戒水位：101.20m
崇左,2022-06-12 08:00:00,水位：94.86m,警戒水位：101.20m
崇左,2022-06-12 09:00:00,水位：94.93m,警戒水位：101.20m
崇左,2022-06-12 10:00:00,水位：94.95m,警戒水位：101.20m
崇左,2022-06-12 11:00:00,水位：94.99m,警戒水位：101.20m
崇左,2022-06-12 12:00:00,水位：95.02m,警戒水位：101.20m
崇左,2022-06-12 13:00:00,水位：95.03m,警戒水位：101.20m
崇左,2022-06-12 14:00:00,水位：95.06m,警戒水位：101.20m
崇左,2022-06-12 15:00:00,水位：95.06m,警戒水位：101.20m
崇左,2022-06-12 16:00:00,水位：95.08m,警戒水位：101.20m
崇左,2022-06-12 17:00:00,水位：94.91m,警戒水位：101.20m
崇左,2022-06-12 18:00:00,水位：94.78m,警戒水位：101.20m
崇左,2022-06-12 19:00:00,水位：94.66m,警戒水位：101.20m
崇左,2022-06-12 20:00:00,水位：94.59m,警戒水位：101.20m
崇左,2022-06-12 21:00:00,水位：94.56m,警戒水位：101.20m
崇左,2022-06-12 22:00:00,水位：94.51m,警戒水位：101.20m
崇左,2022-06-12 23:00:00,水位：94.46m,警戒水位：101.20m
崇左,2022-06-13 00:00:00,水位：94.44m,警戒水位：101.20m
崇左,2022-06-13 01:00:00,水位：94.42m,警戒水位：101.20m
崇左,2022-06-13 02:00:00,水位：94.38m,警戒水位：101.20m
崇左,2022-06-13 03:00:00,水位：94.36m,警戒水位：101.20m
崇左,2022-06-13 04:00:00,水位：94.31m,警戒水位：101.20m
崇左,2022-06-13 05:00:00,水位：94.20m,警戒水位：101.20m
崇左,2022-06-13 06:00:00,水位：93.98m,警戒水位：101.20m
崇左,2022-06-13 07:00:00,水位：93.82m,警戒水位：101.20m
崇左,2022-06-13 08:00:00,水位：93.68m,警戒水位：101.20m
崇左,2022-06-13 09:00:00,水位：93.53m,警戒水位：101.20m
崇左,2022-06-13 10:00:00,水位：93.38m,警戒水位：101.20m
崇左,2022-06-13 11:00:00,水位：93.26m,警戒水位：101.20m
崇左,2022-06-13 12:00:00,水位：93.09m,警戒水位：101.20m
崇左,2022-06-13 13:00:00,水位：92.91m,警戒水位：101.20m
崇左,2022-06-13 14:00:00,水位：92.71m,警戒水位：101.20m
崇左,2022-06-13 15:00:00,水位：92.48m,警戒水位：101.20m
崇左,2022-06-13 16:00:00,水位：92.26m,警戒水位：101.20m
崇左,2022-06-13 17:00:00,水位：92.11m,警戒水位：101.20m
崇左,2022-06-13 18:00:00,水位：91.99m,警戒水位：101.20m
崇左,2022-06-13 19:00:00,水位：91.87m,警戒水位：101.20m
崇左,2022-06-13 20:00:00,水位：91.80m,警戒水位：101.20m
崇左,2022-06-13 21:00:00,水位：91.75m,警戒水位：101.20m
崇左,2022-06-13 22:00:00,水位：91.69m,警戒水位：101.20m
崇左,2022-06-13 23:00:00,水位：91.63m,警戒水位：101.20m
崇左,2022-06-14 00:00:00,水位：91.60m,警戒水位：101.20m
崇左,2022-06-14 01:00:00,水位：91.61m,警戒水位：101.20m
崇左,2022-06-14 02:00:00,水位：91.65m,警戒水位：101.20m
崇左,2022-06-14 03:00:00,水位：91.66m,警戒水位：101.20m
崇左,2022-06-14 04:00:00,水位：91.67m,警戒水位：101.20m
崇左,2022-06-14 05:00:00,水位：91.67m,警戒水位：101.20m
崇左,2022-06-14 06:00:00,水位：91.63m,警戒水位：101.20m
崇左,2022-06-14 07:00:00,水位：91.61m,警戒水位：101.20m
崇左,2022-06-14 08:00:00,水位：91.56m,警戒水位：101.20m
崇左,2022-06-14 09:00:00,水位：91.58m,警戒水位：101.20m
崇左,2022-06-14 10:00:00,水位：91.74m,警戒水位：101.20m
崇左,2022-06-14 11:00:00,水位：91.61m,警戒水位：101.20m
崇左,2022-06-14 12:00:00,水位：91.55m,警戒水位：101.20m
崇左,2022-06-14 13:00:00,水位：91.51m,警戒水位：101.20m
崇左,2022-06-14 14:00:00,水位：91.47m,警戒水位：101.20m
崇左,2022-06-14 15:00:00,水位：91.48m,警戒水位：101.20m
崇左,2022-06-14 16:00:00,水位：91.48m,警戒水位：101.20m
崇左,2022-06-14 17:00:00,水位：91.50m,警戒水位：101.20m
崇左,2022-06-14 18:00:00,水位：91.49m,警戒水位：101.20m
崇左,2022-06-14 19:00:00,水位：91.43m,警戒水位：101.20m
崇左,2022-06-14 20:00:00,水位：91.37m,警戒水位：101.20m
崇左,2022-06-14 21:00:00,水位：91.35m,警戒水位：101.20m
崇左,2022-06-14 22:00:00,水位：91.31m,警戒水位：101.20m
崇左,2022-06-14 23:00:00,水位：91.26m,警戒水位：101.20m
崇左,2022-06-15 00:00:00,水位：91.21m,警戒水位：101.20m
崇左,2022-06-15 01:00:00,水位：91.21m,警戒水位：101.20m
崇左,2022-06-15 02:00:00,水位：91.17m,警戒水位：101.20m
崇左,2022-06-15 03:00:00,水位：91.16m,警戒水位：101.20m
崇左,2022-06-15 04:00:00,水位：91.12m,警戒水位：101.20m
崇左,2022-06-15 05:00:00,水位：91.10m,警戒水位：101.20m
崇左,2022-06-15 06:00:00,水位：91.07m,警戒水位：101.20m
崇左,2022-06-15 07:00:00,水位：91.03m,警戒水位：101.20m
崇左,2022-06-15 08:00:00,水位：91.02m,警戒水位：101.20m
崇左,2022-06-15 09:00:00,水位：91.00m,警戒水位：101.20m
崇左,2022-06-15 10:00:00,水位：90.99m,警戒水位：101.20m
崇左,2022-06-15 11:00:00,水位：90.97m,警戒水位：101.20m
崇左,2022-06-15 12:00:00,水位：90.95m,警戒水位：101.20m
崇左,2022-06-15 13:00:00,水位：90.90m,警戒水位：101.20m
崇左,2022-06-15 14:00:00,水位：90.78m,警戒水位：101.20m
崇左,2022-06-15 15:00:00,水位：90.70m,警戒水位：101.20m
崇左,2022-06-15 16:00:00,水位：90.58m,警戒水位：101.20m
崇左,2022-06-15 17:00:00,水位：90.49m,警戒水位：101.20m
崇左,2022-06-15 18:00:00,水位：90.44m,警戒水位：101.20m
崇左,2022-06-15 19:00:00,水位：90.39m,警戒水位：101.20m
崇左,2022-06-15 20:00:00,水位：90.37m,警戒水位：101.20m
崇左,2022-06-15 21:00:00,水位：90.33m,警戒水位：101.20m
崇左,2022-06-15 22:00:00,水位：90.31m,警戒水位：101.20m
崇左,2022-06-15 23:00:00,水位：90.29m,警戒水位：101.20m
崇左,2022-06-16 00:00:00,水位：90.26m,警戒水位：101.20m
崇左,2022-06-16 01:00:00,水位：90.25m,警戒水位：101.20m
崇左,2022-06-16 02:00:00,水位：90.25m,警戒水位：101.20m
崇左,2022-06-16 03:00:00,水位：90.23m,警戒水位：101.20m
崇左,2022-06-16 04:00:00,水位：90.19m,警戒水位：101.20m
崇左,2022-06-16 05:00:00,水位：90.16m,警戒水位：101.20m
崇左,2022-06-16 06:00:00,水位：90.13m,警戒水位：101.20m
崇左,2022-06-16 07:00:00,水位：90.09m,警戒水位：101.20m
崇左,2022-06-16 08:00:00,水位：90.03m,警戒水位：101.20m
崇左,2022-06-16 09:00:00,水位：90.00m,警戒水位：101.20m
崇左,2022-06-16 10:00:00,水位：89.94m,警戒水位：101.20m
崇左,2022-06-16 11:00:00,水位：89.94m,警戒水位：101.20m
崇左,2022-06-16 12:00:00,水位：89.91m,警戒水位：101.20m
崇左,2022-06-16 13:00:00,水位：89.94m,警戒水位：101.20m
崇左,2022-06-16 14:00:00,水位：89.96m,警戒水位：101.20m
崇左,2022-06-16 15:00:00,水位：89.98m,警戒水位：101.20m
崇左,2022-06-16 16:00:00,水位：89.98m,警戒水位：101.20m
崇左,2022-06-16 17:00:00,水位：89.98m,警戒水位：101.20m
崇左,2022-06-16 18:00:00,水位：89.96m,警戒水位：101.20m
崇左,2022-06-16 19:00:00,水位：89.94m,警戒水位：101.20m
崇左,2022-06-16 20:00:00,水位：89.93m,警戒水位：101.20m
崇左,2022-06-16 21:00:00,水位：89.87m,警戒水位：101.20m
崇左,2022-06-16 22:00:00,水位：89.81m,警戒水位：101.20m
崇左,2022-06-16 23:00:00,水位：89.74m,警戒水位：101.20m
白蕉,2022-06-11 00:00:00,水位：0.40m,警戒水位：-
白蕉,2022-06-11 01:00:00,水位：0.31m,警戒水位：-
白蕉,2022-06-11 02:00:00,水位：0.21m,警戒水位：-
白蕉,2022-06-11 03:00:00,水位：0.16m,警戒水位：-
白蕉,2022-06-11 04:00:00,水位：0.20m,警戒水位：-
白蕉,2022-06-11 05:00:00,水位：0.46m,警戒水位：-
白蕉,2022-06-11 06:00:00,水位：0.69m,警戒水位：-
白蕉,2022-06-11 07:00:00,水位：0.79m,警戒水位：-
白蕉,2022-06-11 08:00:00,水位：0.82m,警戒水位：-
白蕉,2022-06-11 09:00:00,水位：0.79m,警戒水位：-
白蕉,2022-06-11 11:00:00,水位：0.70m,警戒水位：-
白蕉,2022-06-11 12:00:00,水位：0.62m,警戒水位：-
白蕉,2022-06-11 13:00:00,水位：0.50m,警戒水位：-
白蕉,2022-06-11 14:00:00,水位：0.41m,警戒水位：-
白蕉,2022-06-11 15:00:00,水位：0.31m,警戒水位：-
白蕉,2022-06-11 16:00:00,水位：0.24m,警戒水位：-
白蕉,2022-06-11 17:00:00,水位：0.19m,警戒水位：-
白蕉,2022-06-11 18:00:00,水位：0.34m,警戒水位：-
白蕉,2022-06-11 19:00:00,水位：0.45m,警戒水位：-
白蕉,2022-06-11 20:00:00,水位：0.48m,警戒水位：-
白蕉,2022-06-11 21:00:00,水位：0.52m,警戒水位：-
白蕉,2022-06-11 22:00:00,水位：0.48m,警戒水位：-
白蕉,2022-06-11 23:00:00,水位：0.43m,警戒水位：-
白蕉,,,
白蕉,2022-06-12 00:00:00,水位：0.34m,警戒水位：-
白蕉,2022-06-12 01:00:00,水位：0.25m,警戒水位：-
白蕉,2022-06-12 02:00:00,水位：0.16m,警戒水位：-
白蕉,2022-06-12 03:00:00,水位：0.11m,警戒水位：-
白蕉,2022-06-12 04:00:00,水位：0.13m,警戒水位：-
白蕉,2022-06-12 05:00:00,水位：0.42m,警戒水位：-
白蕉,2022-06-12 06:00:00,水位：0.82m,警戒水位：-
白蕉,2022-06-12 07:00:00,水位：1.02m,警戒水位：-
白蕉,2022-06-12 08:00:00,水位：1.05m,警戒水位：-
白蕉,2022-06-12 09:00:00,水位：1.02m,警戒水位：-
白蕉,2022-06-12 10:00:00,水位：0.93m,警戒水位：-
白蕉,2022-06-12 11:00:00,水位：0.82m,警戒水位：-
白蕉,2022-06-12 12:00:00,水位：0.67m,警戒水位：-
白蕉,2022-06-12 13:00:00,水位：0.52m,警戒水位：-
白蕉,2022-06-12 14:00:00,水位：0.37m,警戒水位：-
白蕉,2022-06-12 15:00:00,水位：0.24m,警戒水位：-
白蕉,2022-06-12 16:00:00,水位：0.12m,警戒水位：-
白蕉,2022-06-12 17:00:00,水位：0.06m,警戒水位：-
白蕉,2022-06-12 18:00:00,水位：0.09m,警戒水位：-
白蕉,2022-06-12 19:00:00,水位：0.24m,警戒水位：-
白蕉,2022-06-12 20:00:00,水位：0.35m,警戒水位：-
白蕉,2022-06-12 21:00:00,水位：0.41m,警戒水位：-
白蕉,2022-06-12 22:00:00,水位：0.50m,警戒水位：-
白蕉,2022-06-12 23:00:00,水位：0.49m,警戒水位：-
白蕉,2022-06-13 00:00:00,水位：0.46m,警戒水位：-
白蕉,2022-06-13 01:00:00,水位：0.38m,警戒水位：-
白蕉,2022-06-13 02:00:00,水位：0.31m,警戒水位：-
白蕉,2022-06-13 03:00:00,水位：0.25m,警戒水位：-
白蕉,2022-06-13 04:00:00,水位：0.23m,警戒水位：-
白蕉,2022-06-13 05:00:00,水位：0.38m,警戒水位：-
白蕉,2022-06-13 06:00:00,水位：0.73m,警戒水位：-
白蕉,2022-06-13 07:00:00,水位：1.15m,警戒水位：-
白蕉,2022-06-13 08:00:00,水位：1.30m,警戒水位：-
白蕉,2022-06-13 09:00:00,水位：1.25m,警戒水位：-
白蕉,2022-06-13 10:00:00,水位：1.24m,警戒水位：-
白蕉,2022-06-13 11:00:00,水位：1.09m,警戒水位：-
白蕉,2022-06-13 12:00:00,水位：0.96m,警戒水位：-
白蕉,2022-06-13 13:00:00,水位：0.83m,警戒水位：-
白蕉,2022-06-13 14:00:00,水位：0.63m,警戒水位：-
白蕉,2022-06-13 15:00:00,水位：0.50m,警戒水位：-
白蕉,2022-06-13 16:00:00,水位：0.37m,警戒水位：-
白蕉,2022-06-13 17:00:00,水位：0.26m,警戒水位：-
白蕉,2022-06-13 18:00:00,水位：0.17m,警戒水位：-
白蕉,2022-06-13 19:00:00,水位：0.14m,警戒水位：-
白蕉,2022-06-13 20:00:00,水位：0.28m,警戒水位：-
白蕉,2022-06-13 21:00:00,水位：0.39m,警戒水位：-
白蕉,2022-06-13 22:00:00,水位：0.48m,警戒水位：-
白蕉,2022-06-13 23:00:00,水位：0.53m,警戒水位：-
白蕉,2022-06-14 00:00:00,水位：0.56m,警戒水位：-
白蕉,2022-06-14 01:00:00,水位：0.56m,警戒水位：-
白蕉,2022-06-14 02:00:00,水位：0.52m,警戒水位：-
白蕉,2022-06-14 03:00:00,水位：0.48m,警戒水位：-
白蕉,2022-06-14 04:00:00,水位：0.43m,警戒水位：-
白蕉,2022-06-14 05:00:00,水位：0.41m,警戒水位：-
白蕉,2022-06-14 06:00:00,水位：0.62m,警戒水位：-
白蕉,2022-06-14 07:00:00,水位：0.98m,警戒水位：-
白蕉,2022-06-14 08:00:00,水位：1.47m,警戒水位：-
白蕉,2022-06-14 09:00:00,水位：1.59m,警戒水位：-
白蕉,2022-06-14 10:00:00,水位：1.47m,警戒水位：-
白蕉,2022-06-14 11:00:00,水位：1.42m,警戒水位：-
白蕉,2022-06-14 12:00:00,水位：1.28m,警戒水位：-
白蕉,2022-06-14 13:00:00,水位：1.11m,警戒水位：-
白蕉,2022-06-14 14:00:00,水位：0.95m,警戒水位：-
白蕉,2022-06-14 15:00:00,水位：0.82m,警戒水位：-
白蕉,2022-06-14 16:00:00,水位：0.67m,警戒水位：-
白蕉,2022-06-14 17:00:00,水位：0.56m,警戒水位：-
白蕉,2022-06-14 18:00:00,水位：0.45m,警戒水位：-
白蕉,2022-06-14 19:00:00,水位：0.38m,警戒水位：-
白蕉,2022-06-14 20:00:00,水位：0.33m,警戒水位：-
白蕉,2022-06-14 21:00:00,水位：0.41m,警戒水位：-
白蕉,2022-06-14 22:00:00,水位：0.51m,警戒水位：-
白蕉,2022-06-14 23:00:00,水位：0.59m,警戒水位：-
白蕉,2022-06-15 00:00:00,水位：0.66m,警戒水位：-
白蕉,2022-06-15 01:00:00,水位：0.73m,警戒水位：-
白蕉,2022-06-15 02:00:00,水位：0.75m,警戒水位：-
白蕉,2022-06-15 03:00:00,水位：0.71m,警戒水位：-
白蕉,2022-06-15 04:00:00,水位：0.70m,警戒水位：-
白蕉,2022-06-15 05:00:00,水位：0.65m,警戒水位：-
白蕉,2022-06-15 06:00:00,水位：0.67m,警戒水位：-
白蕉,2022-06-15 07:00:00,水位：0.97m,警戒水位：-
白蕉,2022-06-15 08:00:00,水位：1.26m,警戒水位：-
白蕉,2022-06-15 09:00:00,水位：1.74m,警戒水位：-
白蕉,2022-06-15 10:00:00,水位：1.70m,警戒水位：-
白蕉,2022-06-15 11:00:00,水位：1.69m,警戒水位：-
白蕉,2022-06-15 12:00:00,水位：1.63m,警戒水位：-
白蕉,2022-06-15 13:00:00,水位：1.51m,警戒水位：-
白蕉,2022-06-15 14:00:00,水位：1.34m,警戒水位：-
白蕉,2022-06-15 15:00:00,水位：1.17m,警戒水位：-
白蕉,2022-06-15 16:00:00,水位：1.00m,警戒水位：-
白蕉,2022-06-15 17:00:00,水位：0.86m,警戒水位：-
白蕉,2022-06-15 18:00:00,水位：0.74m,警戒水位：-
白蕉,2022-06-15 19:00:00,水位：0.67m,警戒水位：-
白蕉,2022-06-15 20:00:00,水位：0.60m,警戒水位：-
白蕉,2022-06-15 21:00:00,水位：0.56m,警戒水位：-
白蕉,2022-06-15 23:00:00,水位：0.66m,警戒水位：-
白蕉,2022-06-16 00:00:00,水位：0.73m,警戒水位：-
白蕉,2022-06-16 01:00:00,水位：0.82m,警戒水位：-
白蕉,2022-06-16 02:00:00,水位：0.84m,警戒水位：-
白蕉,2022-06-16 03:00:00,水位：0.84m,警戒水位：-
白蕉,2022-06-16 04:00:00,水位：0.83m,警戒水位：-
白蕉,2022-06-16 05:00:00,水位：0.81m,警戒水位：-
白蕉,2022-06-16 06:00:00,水位：0.76m,警戒水位：-
白蕉,2022-06-16 07:00:00,水位：0.85m,警戒水位：-
白蕉,2022-06-16 08:00:00,水位：1.11m,警戒水位：-
白蕉,2022-06-16 09:00:00,水位：1.44m,警戒水位：-
白蕉,2022-06-16 10:00:00,水位：1.78m,警戒水位：-
白蕉,2022-06-16 11:00:00,水位：1.74m,警戒水位：-
白蕉,2022-06-16 12:00:00,水位：1.74m,警戒水位：-
白蕉,2022-06-16 13:00:00,水位：1.65m,警戒水位：-
白蕉,2022-06-16 14:00:00,水位：1.51m,警戒水位：-
白蕉,2022-06-16 15:00:00,水位：1.34m,警戒水位：-
白蕉,2022-06-16 16:00:00,水位：1.16m,警戒水位：-
白蕉,2022-06-16 17:00:00,水位：0.99m,警戒水位：-
白蕉,2022-06-16 18:00:00,水位：0.86m,警戒水位：-
白蕉,2022-06-16 19:00:00,水位：0.74m,警戒水位：-
白蕉,2022-06-16 20:00:00,水位：0.65m,警戒水位：-
白蕉,2022-06-16 21:00:00,水位：0.56m,警戒水位：-
白蕉,2022-06-16 22:00:00,水位：0.50m,警戒水位：-
白蕉,2022-06-16 23:00:00,水位：0.56m,警戒水位：-
博罗(二),2022-06-11 00:00:00,水位：1.61m,警戒水位：11.20m
博罗(二),2022-06-11 01:00:00,水位：1.60m,警戒水位：11.20m
博罗(二),2022-06-11 02:00:00,水位：1.56m,警戒水位：11.20m
博罗(二),2022-06-11 03:00:00,水位：1.53m,警戒水位：11.20m
博罗(二),2022-06-11 04:00:00,水位：1.48m,警戒水位：11.20m
博罗(二),2022-06-11 05:00:00,水位：1.42m,警戒水位：11.20m
博罗(二),2022-06-11 06:00:00,水位：1.36m,警戒水位：11.20m
博罗(二),2022-06-11 07:00:00,水位：1.33m,警戒水位：11.20m
博罗(二),2022-06-11 08:00:00,水位：1.30m,警戒水位：11.20m
博罗(二),2022-06-11 09:00:00,水位：1.40m,警戒水位：11.20m
博罗(二),2022-06-11 10:00:00,水位：1.60m,警戒水位：11.20m
博罗(二),2022-06-11 11:00:00,水位：1.92m,警戒水位：11.20m
博罗(二),2022-06-11 12:00:00,水位：2.08m,警戒水位：11.20m
博罗(二),2022-06-11 13:00:00,水位：2.06m,警戒水位：11.20m
博罗(二),2022-06-11 14:00:00,水位：2.07m,警戒水位：11.20m
博罗(二),,,
博罗(二),2022-06-11 15:00:00,水位：2.09m,警戒水位：11.20m
博罗(二),2022-06-11 16:00:00,水位：2.09m,警戒水位：11.20m
博罗(二),2022-06-11 17:00:00,水位：2.14m,警戒水位：11.20m
博罗(二),2022-06-11 18:00:00,水位：2.12m,警戒水位：11.20m
博罗(二),2022-06-11 19:00:00,水位：2.06m,警戒水位：11.20m
博罗(二),2022-06-11 20:00:00,水位：2.00m,警戒水位：11.20m
博罗(二),2022-06-11 21:00:00,水位：1.97m,警戒水位：11.20m
博罗(二),2022-06-11 22:00:00,水位：1.97m,警戒水位：11.20m
博罗(二),2022-06-11 23:00:00,水位：1.97m,警戒水位：11.20m
博罗(二),2022-06-12 00:00:00,水位：2.01m,警戒水位：11.20m
博罗(二),2022-06-12 01:00:00,水位：2.03m,警戒水位：11.20m
博罗(二),2022-06-12 02:00:00,水位：2.05m,警戒水位：11.20m
博罗(二),2022-06-12 03:00:00,水位：2.05m,警戒水位：11.20m
博罗(二),2022-06-12 04:00:00,水位：2.03m,警戒水位：11.20m
博罗(二),2022-06-12 05:00:00,水位：2.04m,警戒水位：11.20m
博罗(二),2022-06-12 06:00:00,水位：2.03m,警戒水位：11.20m
博罗(二),2022-06-12 07:00:00,水位：2.01m,警戒水位：11.20m
博罗(二),2022-06-12 08:00:00,水位：1.98m,警戒水位：11.20m
博罗(二),2022-06-12 09:00:00,水位：2.01m,警戒水位：11.20m
博罗(二),2022-06-12 10:00:00,水位：2.07m,警戒水位：11.20m
博罗(二),2022-06-12 11:00:00,水位：2.28m,警戒水位：11.20m
博罗(二),2022-06-12 12:00:00,水位：2.53m,警戒水位：11.20m
博罗(二),2022-06-12 13:00:00,水位：2.63m,警戒水位：11.20m
博罗(二),2022-06-12 14:00:00,水位：2.65m,警戒水位：11.20m
博罗(二),2022-06-12 15:00:00,水位：2.65m,警戒水位：11.20m
博罗(二),2022-06-12 16:00:00,水位：2.61m,警戒水位：11.20m
博罗(二),2022-06-12 17:00:00,水位：2.57m,警戒水位：11.20m
博罗(二),2022-06-12 18:00:00,水位：2.54m,警戒水位：11.20m
博罗(二),2022-06-12 19:00:00,水位：2.60m,警戒水位：11.20m
博罗(二),2022-06-12 20:00:00,水位：2.60m,警戒水位：11.20m
博罗(二),2022-06-12 21:00:00,水位：2.58m,警戒水位：11.20m
博罗(二),2022-06-12 22:00:00,水位：2.56m,警戒水位：11.20m
博罗(二),2022-06-12 23:00:00,水位：2.60m,警戒水位：11.20m
博罗(二),2022-06-13 00:00:00,水位：2.65m,警戒水位：11.20m
博罗(二),2022-06-13 01:00:00,水位：2.69m,警戒水位：11.20m
博罗(二),2022-06-13 02:00:00,水位：2.73m,警戒水位：11.20m
博罗(二),2022-06-13 03:00:00,水位：2.77m,警戒水位：11.20m
博罗(二),2022-06-13 04:00:00,水位：2.78m,警戒水位：11.20m
博罗(二),2022-06-13 05:00:00,水位：2.79m,警戒水位：11.20m
博罗(二),2022-06-13 06:00:00,水位：2.78m,警戒水位：11.20m
博罗(二),2022-06-13 07:00:00,水位：2.77m,警戒水位：11.20m
博罗(二),2022-06-13 08:00:00,水位：2.73m,警戒水位：11.20m
博罗(二),2022-06-13 09:00:00,水位：2.72m,警戒水位：11.20m
博罗(二),2022-06-13 10:00:00,水位：2.76m,警戒水位：11.20m
博罗(二),2022-06-13 11:00:00,水位：3.02m,警戒水位：11.20m
博罗(二),2022-06-13 12:00:00,水位：3.27m,警戒水位：11.20m
博罗(二),2022-06-13 13:00:00,水位：3.49m,警戒水位：11.20m
博罗(二),2022-06-13 14:00:00,水位：3.55m,警戒水位：11.20m
博罗(二),2022-06-13 15:00:00,水位：3.56m,警戒水位：11.20m
博罗(二),2022-06-13 16:00:00,水位：3.55m,警戒水位：11.20m
博罗(二),2022-06-13 17:00:00,水位：3.69m,警戒水位：11.20m
博罗(二),2022-06-13 18:00:00,水位：3.93m,警戒水位：11.20m
博罗(二),2022-06-13 19:00:00,水位：3.89m,警戒水位：11.20m
博罗(二),2022-06-13 20:00:00,水位：3.79m,警戒水位：11.20m
博罗(二),2022-06-13 21:00:00,水位：3.77m,警戒水位：11.20m
博罗(二),2022-06-13 22:00:00,水位：3.82m,警戒水位：11.20m
博罗(二),2022-06-13 23:00:00,水位：3.82m,警戒水位：11.20m
博罗(二),2022-06-14 00:00:00,水位：3.83m,警戒水位：11.20m
博罗(二),2022-06-14 01:00:00,水位：3.85m,警戒水位：11.20m
博罗(二),2022-06-14 02:00:00,水位：3.87m,警戒水位：11.20m
博罗(二),2022-06-14 03:00:00,水位：3.89m,警戒水位：11.20m
博罗(二),2022-06-14 04:00:00,水位：3.92m,警戒水位：11.20m
博罗(二),2022-06-14 05:00:00,水位：3.93m,警戒水位：11.20m
博罗(二),2022-06-14 06:00:00,水位：3.94m,警戒水位：11.20m
博罗(二),2022-06-14 07:00:00,水位：3.93m,警戒水位：11.20m
博罗(二),2022-06-14 08:00:00,水位：3.92m,警戒水位：11.20m
博罗(二),2022-06-14 09:00:00,水位：3.91m,警戒水位：11.20m
博罗(二),2022-06-14 10:00:00,水位：3.87m,警戒水位：11.20m
博罗(二),2022-06-14 11:00:00,水位：3.94m,警戒水位：11.20m
博罗(二),2022-06-14 12:00:00,水位：4.01m,警戒水位：11.20m
博罗(二),2022-06-14 13:00:00,水位：4.15m,警戒水位：11.20m
博罗(二),2022-06-14 14:00:00,水位：4.25m,警戒水位：11.20m
博罗(二),2022-06-14 15:00:00,水位：4.55m,警戒水位：11.20m
博罗(二),2022-06-14 16:00:00,水位：4.70m,警戒水位：11.20m
博罗(二),2022-06-14 17:00:00,水位：4.84m,警戒水位：11.20m
博罗(二),2022-06-14 18:00:00,水位：4.92m,警戒水位：11.20m
博罗(二),2022-06-14 19:00:00,水位：5.33m,警戒水位：11.20m
博罗(二),2022-06-14 20:00:00,水位：5.65m,警戒水位：11.20m
博罗(二),2022-06-14 21:00:00,水位：5.75m,警戒水位：11.20m
博罗(二),2022-06-14 22:00:00,水位：5.80m,警戒水位：11.20m
博罗(二),2022-06-14 23:00:00,水位：5.83m,警戒水位：11.20m
博罗(二),2022-06-15 00:00:00,水位：5.89m,警戒水位：11.20m
博罗(二),2022-06-15 01:00:00,水位：5.93m,警戒水位：11.20m
博罗(二),2022-06-15 02:00:00,水位：6.00m,警戒水位：11.20m
博罗(二),2022-06-15 03:00:00,水位：6.07m,警戒水位：11.20m
博罗(二),2022-06-15 04:00:00,水位：6.14m,警戒水位：11.20m
博罗(二),2022-06-15 05:00:00,水位：6.21m,警戒水位：11.20m
博罗(二),2022-06-15 06:00:00,水位：6.26m,警戒水位：11.20m
博罗(二),2022-06-15 07:00:00,水位：6.31m,警戒水位：11.20m
博罗(二),2022-06-15 08:00:00,水位：6.35m,警戒水位：11.20m
博罗(二),2022-06-15 09:00:00,水位：6.40m,警戒水位：11.20m
博罗(二),2022-06-15 10:00:00,水位：6.45m,警戒水位：11.20m
博罗(二),2022-06-15 11:00:00,水位：6.49m,警戒水位：11.20m
博罗(二),2022-06-15 12:00:00,水位：6.52m,警戒水位：11.20m
博罗(二),2022-06-15 13:00:00,水位：6.58m,警戒水位：11.20m
博罗(二),2022-06-15 14:00:00,水位：6.65m,警戒水位：11.20m
博罗(二),2022-06-15 15:00:00,水位：6.71m,警戒水位：11.20m
博罗(二),2022-06-15 16:00:00,水位：6.77m,警戒水位：11.20m
博罗(二),2022-06-15 17:00:00,水位：6.79m,警戒水位：11.20m
博罗(二),2022-06-15 18:00:00,水位：6.85m,警戒水位：11.20m
博罗(二),2022-06-15 19:00:00,水位：6.89m,警戒水位：11.20m
博罗(二),2022-06-15 20:00:00,水位：6.94m,警戒水位：11.20m
博罗(二),2022-06-15 21:00:00,水位：6.98m,警戒水位：11.20m
博罗(二),2022-06-15 22:00:00,水位：7.01m,警戒水位：11.20m
博罗(二),2022-06-15 23:00:00,水位：7.04m,警戒水位：11.20m
博罗(二),2022-06-16 00:00:00,水位：7.06m,警戒水位：11.20m
博罗(二),2022-06-16 01:00:00,水位：7.08m,警戒水位：11.20m
博罗(二),2022-06-16 02:00:00,水位：7.11m,警戒水位：11.20m
博罗(二),2022-06-16 03:00:00,水位：7.12m,警戒水位：11.20m
博罗(二),2022-06-16 04:00:00,水位：7.15m,警戒水位：11.20m
博罗(二),2022-06-16 05:00:00,水位：7.16m,警戒水位：11.20m
博罗(二),2022-06-16 06:00:00,水位：7.17m,警戒水位：11.20m
博罗(二),2022-06-16 07:00:00,水位：7.19m,警戒水位：11.20m
博罗(二),2022-06-16 08:00:00,水位：7.19m,警戒水位：11.20m
博罗(二),2022-06-16 09:00:00,水位：7.18m,警戒水位：11.20m
博罗(二),2022-06-16 10:00:00,水位：7.18m,警戒水位：11.20m
博罗(二),2022-06-16 11:00:00,水位：7.16m,警戒水位：11.20m
博罗(二),2022-06-16 12:00:00,水位：7.13m,警戒水位：11.20m
博罗(二),2022-06-16 13:00:00,水位：7.13m,警戒水位：11.20m
博罗(二),2022-06-16 14:00:00,水位：7.15m,警戒水位：11.20m
博罗(二),2022-06-16 15:00:00,水位：7.18m,警戒水位：11.20m
博罗(二),2022-06-16 16:00:00,水位：7.19m,警戒水位：11.20m
博罗(二),2022-06-16 17:00:00,水位：7.18m,警戒水位：11.20m
博罗(二),2022-06-16 18:00:00,水位：7.16m,警戒水位：11.20m
博罗(二),2022-06-16 19:00:00,水位：7.13m,警戒水位：11.20m
博罗(二),2022-06-16 20:00:00,水位：7.11m,警戒水位：11.20m
博罗(二),2022-06-16 21:00:00,水位：7.08m,警戒水位：11.20m
博罗(二),2022-06-16 22:00:00,水位：7.03m,警戒水位：11.20m
博罗(二),2022-06-16 23:00:00,水位：6.99m,警戒水位：11.20m
常德(二),2022-06-11 02:35:00,水位：33.71m,警戒水位：39.00m
常德(二),2022-06-11 09:35:00,水位：33.66m,警戒水位：39.00m
常德(二),2022-06-11 09:42:00,水位：33.66m,警戒水位：39.00m
常德(二),,,
常德(二),2022-06-12 16:55:00,水位：33.75m,警戒水位：39.00m
常德(二),2022-06-12 17:00:00,水位：33.74m,警戒水位：39.00m
常德(二),2022-06-12 22:00:00,水位：33.74m,警戒水位：39.00m
常德(二),2022-06-12 22:25:00,水位：33.73m,警戒水位：39.00m
常德(二),2023-04-18 19:45:00,水位：30.49m,警戒水位：-
常德(二),2022-06-14 04:30:00,水位：33.36m,警戒水位：39.00m
常德(二),2022-06-14 04:35:00,水位：33.37m,警戒水位：39.00m
常德(二),2022-06-14 04:40:00,水位：33.36m,警戒水位：39.00m
常德(二),2022-06-14 13:20:00,水位：33.22m,警戒水位：39.00m
常德(二),2022-06-14 13:25:00,水位：33.23m,警戒水位：39.00m
常德(二),2022-06-14 13:30:00,水位：33.22m,警戒水位：39.00m
常德(二),2022-06-14 20:30:00,水位：33.13m,警戒水位：39.00m
常德(二),2022-06-15 01:10:00,水位：33.05m,警戒水位：39.00m
常德(二),2022-06-15 06:55:00,水位：32.98m,警戒水位：39.00m
常德(二),2022-06-15 20:00:00,水位：32.88m,警戒水位：39.00m
常德(二),2022-06-15 20:10:00,水位：32.87m,警戒水位：39.00m
常德(二),2022-06-16 00:05:00,水位：32.84m,警戒水位：39.00m
常德(二),2022-06-16 10:40:00,水位：32.84m,警戒水位：39.00m
常德(二),2022-06-16 10:55:00,水位：32.83m,警戒水位：39.00m
常德(二),2022-06-16 11:00:00,水位：32.83m,警戒水位：39.00m
常德(二),2022-06-16 11:10:00,水位：32.82m,警戒水位：39.00m
常德(二),2022-06-16 11:45:00,水位：32.81m,警戒水位：39.00m
常德(二),2022-06-16 12:10:00,水位：32.80m,警戒水位：39.00m
常德(二),2022-06-16 12:30:00,水位：32.79m,警戒水位：39.00m
常德(二),2022-06-16 12:55:00,水位：32.78m,警戒水位：39.00m
常德(二),2022-06-16 13:20:00,水位：32.77m,警戒水位：39.00m
常德(二),2022-06-16 13:50:00,水位：32.76m,警戒水位：39.00m
常德(二),2022-06-16 14:00:00,水位：32.77m,警戒水位：39.00m
常德(二),2022-06-16 17:00:00,水位：32.77m,警戒水位：39.00m
常德(二),2022-06-16 17:35:00,水位：32.76m,警戒水位：39.00m
常德(二),2022-06-16 18:25:00,水位：32.75m,警戒水位：39.00m
常德(二),2022-06-16 18:30:00,水位：32.76m,警戒水位：39.00m
常德(二),2022-06-16 18:45:00,水位：32.75m,警戒水位：39.00m
常德(二),2022-06-16 19:00:00,水位：32.76m,警戒水位：39.00m
常德(二),2022-06-16 19:05:00,水位：32.75m,警戒水位：39.00m
常德(二),2022-06-16 19:35:00,水位：32.76m,警戒水位：39.00m
常德(二),2022-06-16 19:45:00,水位：32.75m,警戒水位：39.00m
常德(二),2022-06-16 20:00:00,水位：32.75m,警戒水位：39.00m
常德(二),2022-06-16 20:25:00,水位：32.76m,警戒水位：39.00m
常德(二),2022-06-16 20:30:00,水位：32.75m,警戒水位：39.00m
